Workbook

Sheet 사용안내
B2: 경비내역 정리 양식 (세무 신고용)
B3: 회사 경비처리 웹서비스 · 월 마감 시 자동 생성되는 엑셀 산출물 샘플
B6: ■ 시트 구성
B7: 경비내역 | C7: 경비 1건 = 1행. 직원 신청·OCR로 채워지는 원장(raw data). 파란 글씨 = 입력 항목.
B8: 부서·팀별집계 | C8: 경비내역을 부서/팀 기준으로 SUMIFS 자동 집계. 배부 확인용.
B9: 계정과목별집계 | C9: 계정과목별 공급가액·부가세·합계 자동 집계. 세무대리인 전달용.
B10: 부가세정리 | C10: 공제/불공제 구분 집계. 부가가치세 신고 기초자료.
B12: ■ 색상 범례
B13: 파란 글씨 | C13: 직원 신청·OCR로 입력되는 값 (사용일자·거래처·금액 등)
B14: 검정 글씨 | C14: 시스템/수식으로 계산되는 값 (집계·검증)
B15: 노란 셀 | C15: 검증 경고 — 확인 필요 (3만원 초과 비적격, 금액 불일치 등)
B17: ■ 자동 검증 규칙
B18: 규칙 A | C18: 건당 3만원 초과 + 비적격증빙(간이영수증·기타) → 증빙불비가산세 대상 경고
B19: 규칙 D | C19: 공급가액 + 부가세액 = 합계금액 일치 검증
B20: 불공제 계정 | C20: 기업업무추진비(접대비)·비영업용 승용차·면세 매입 → 부가세 불공제 기본값
B22: 증빙 보관 | C22: 증빙 이미지는 세법상 5년 보관 의무 (별도 ZIP으로 동봉)

Sheet 경비내역
A1: 경비내역 (귀속월: 2026-07)
A2: 파란 글씨 = 신청/OCR 입력 · 검정 = 자동계산 · 노란 셀 = 확인 필요
A4: 번호 | B4: 사용일자 | C4: 부서 | D4: 팀 | E4: 사용자 | F4: 거래처명 | G4: 사업자등록번호 | H4: 공급가액 | I4: 부가세액 | J4: 합계금액 | K4: 계정과목 | L4: 증빙유형 | M4: 부가세공제 | N4: 결제수단 | O4: PJT코드 | P4: 적요 | Q4: 증빙검증 | R4: 금액검증
A5: 1 | B5: 2026-07-02 | C5: 경영지원실 | D5: 총무팀 | E5: 김민수 | F5: 스타벅스코리아 | G5: 123-45-67890 | H5: 4545 | I5: 455 | J5: 5000 | K5: 복리후생비 | L5: 신용카드 | M5: 공제 | N5: 법인카드 | P5: 팀 회의 음료 | Q5: =IF(AND(J5>30000,OR(L5="간이영수증",L5="기타")),"⚠ 3만원초과 비적격","") | R5: =IF(J5-(H5+I5)=0,"OK","불일치")
A6: 2 | B6: 2026-07-03 | C6: 영업본부 | D6: 영업1팀 | E6: 이지은 | F6: 현대오일뱅크 | G6: 220-81-12345 | H6: 45455 | I6: 4545 | J6: 50000 | K6: 차량유지비 | L6: 세금계산서 | M6: 불공제 | N6: 법인카드 | P6: 비영업용 승용차 주유 | Q6: =IF(AND(J6>30000,OR(L6="간이영수증",L6="기타")),"⚠ 3만원초과 비적격","") | R6: =IF(J6-(H6+I6)=0,"OK","불일치")
A7: 3 | B7: 2026-07-05 | C7: 영업본부 | D7: 영업1팀 | E7: 이지은 | F7: 한우마을 | G7: 111-22-33333 | H7: 90909 | I7: 9091 | J7: 100000 | K7: 기업업무추진비 | L7: 신용카드 | M7: 불공제 | N7: 법인카드 | P7: 거래처 접대 (접대비) | Q7: =IF(AND(J7>30000,OR(L7="간이영수증",L7="기타")),"⚠ 3만원초과 비적격","") | R7: =IF(J7-(H7+I7)=0,"OK","불일치")
A8: 4 | B8: 2026-07-07 | C8: 개발본부 | D8: 플랫폼팀 | E8: 박서준 | F8: 쿠팡 | G8: 120-88-00767 | H8: 27273 | I8: 2727 | J8: 30000 | K8: 소모품비 | L8: 세금계산서 | M8: 공제 | N8: 법인카드 | O8: PJT-24 | P8: 개발용 키보드/마우스 | Q8: =IF(AND(J8>30000,OR(L8="간이영수증",L8="기타")),"⚠ 3만원초과 비적격","") | R8: =IF(J8-(H8+I8)=0,"OK","불일치")
A9: 5 | B9: 2026-07-08 | C9: 개발본부 | D9: 플랫폼팀 | E9: 박서준 | F9: 김밥천국 | H9: 8000 | I9: 0 | J9: 8000 | K9: 복리후생비 | L9: 간이영수증 | M9: 불공제 | N9: 개인카드 | P9: 야근 식대 (3만원 이하) | Q9: =IF(AND(J9>30000,OR(L9="간이영수증",L9="기타")),"⚠ 3만원초과 비적격","") | R9: =IF(J9-(H9+I9)=0,"OK","불일치")
A10: 6 | B10: 2026-07-10 | C10: 경영지원실 | D10: 총무팀 | E10: 김민수 | F10: 케이티 | G10: 214-81-00000 | H10: 33636 | I10: 3364 | J10: 37000 | K10: 통신비 | L10: 세금계산서 | M10: 공제 | N10: 법인카드 | P10: 사무실 인터넷 요금 | Q10: =IF(AND(J10>30000,OR(L10="간이영수증",L10="기타")),"⚠ 3만원초과 비적격","") | R10: =IF(J10-(H10+I10)=0,"OK","불일치")
A11: 7 | B11: 2026-07-11 | C11: 영업본부 | D11: 영업2팀 | E11: 최유리 | F11: 카카오모빌리티 | G11: 123-88-77665 | H11: 13636 | I11: 1364 | J11: 15000 | K11: 여비교통비 | L11: 신용카드 | M11: 공제 | N11: 법인카드 | P11: 고객사 방문 택시 | Q11: =IF(AND(J11>30000,OR(L11="간이영수증",L11="기타")),"⚠ 3만원초과 비적격","") | R11: =IF(J11-(H11+I11)=0,"OK","불일치")
A12: 8 | B12: 2026-07-12 | C12: 개발본부 | D12: 데이터팀 | E12: 정해인 | F12: 문구나라 | G12: 401-22-11223 | H12: 40000 | I12: 0 | J12: 40000 | K12: 소모품비 | L12: 간이영수증 | M12: 불공제 | N12: 개인카드 | P12: 사무용품 (3만원 초과·간이) | Q12: =IF(AND(J12>30000,OR(L12="간이영수증",L12="기타")),"⚠ 3만원초과 비적격","") | R12: =IF(J12-(H12+I12)=0,"OK","불일치")
A13: 합계 | H13: =SUM(H5:H12) | I13: =SUM(I5:I12) | J13: =SUM(J5:J12)

Sheet 부서·팀별집계
A1: 부서·팀별 집계
A2: 경비내역 시트를 부서/팀 기준으로 자동 집계 (SUMIFS)
A4: 부서 | B4: 팀 | C4: 건수 | D4: 공급가액 | E4: 부가세액 | F4: 합계금액 | G4: 공제대상세액
A5: 경영지원실 | B5: 총무팀 | C5: =COUNTIFS(경비내역!$C$5:$C$12,A5,경비내역!$D$5:$D$12,B5) | D5: =SUMIFS(경비내역!$H$5:$H$12,경비내역!$C$5:$C$12,A5,경비내역!$D$5:$D$12,B5) | E5: =SUMIFS(경비내역!$I$5:$I$12,경비내역!$C$5:$C$12,A5,경비내역!$D$5:$D$12,B5) | F5: =SUMIFS(경비내역!$J$5:$J$12,경비내역!$C$5:$C$12,A5,경비내역!$D$5:$D$12,B5) | G5: =SUMIFS(경비내역!$I$5:$I$12,경비내역!$C$5:$C$12,A5,경비내역!$D$5:$D$12,B5,경비내역!$M$5:$M$12,"공제")
A6: 영업본부 | B6: 영업1팀 | C6: =COUNTIFS(경비내역!$C$5:$C$12,A6,경비내역!$D$5:$D$12,B6) | D6: =SUMIFS(경비내역!$H$5:$H$12,경비내역!$C$5:$C$12,A6,경비내역!$D$5:$D$12,B6) | E6: =SUMIFS(경비내역!$I$5:$I$12,경비내역!$C$5:$C$12,A6,경비내역!$D$5:$D$12,B6) | F6: =SUMIFS(경비내역!$J$5:$J$12,경비내역!$C$5:$C$12,A6,경비내역!$D$5:$D$12,B6) | G6: =SUMIFS(경비내역!$I$5:$I$12,경비내역!$C$5:$C$12,A6,경비내역!$D$5:$D$12,B6,경비내역!$M$5:$M$12,"공제")
A7: 영업본부 | B7: 영업2팀 | C7: =COUNTIFS(경비내역!$C$5:$C$12,A7,경비내역!$D$5:$D$12,B7) | D7: =SUMIFS(경비내역!$H$5:$H$12,경비내역!$C$5:$C$12,A7,경비내역!$D$5:$D$12,B7) | E7: =SUMIFS(경비내역!$I$5:$I$12,경비내역!$C$5:$C$12,A7,경비내역!$D$5:$D$12,B7) | F7: =SUMIFS(경비내역!$J$5:$J$12,경비내역!$C$5:$C$12,A7,경비내역!$D$5:$D$12,B7) | G7: =SUMIFS(경비내역!$I$5:$I$12,경비내역!$C$5:$C$12,A7,경비내역!$D$5:$D$12,B7,경비내역!$M$5:$M$12,"공제")
A8: 개발본부 | B8: 플랫폼팀 | C8: =COUNTIFS(경비내역!$C$5:$C$12,A8,경비내역!$D$5:$D$12,B8) | D8: =SUMIFS(경비내역!$H$5:$H$12,경비내역!$C$5:$C$12,A8,경비내역!$D$5:$D$12,B8) | E8: =SUMIFS(경비내역!$I$5:$I$12,경비내역!$C$5:$C$12,A8,경비내역!$D$5:$D$12,B8) | F8: =SUMIFS(경비내역!$J$5:$J$12,경비내역!$C$5:$C$12,A8,경비내역!$D$5:$D$12,B8) | G8: =SUMIFS(경비내역!$I$5:$I$12,경비내역!$C$5:$C$12,A8,경비내역!$D$5:$D$12,B8,경비내역!$M$5:$M$12,"공제")
A9: 개발본부 | B9: 데이터팀 | C9: =COUNTIFS(경비내역!$C$5:$C$12,A9,경비내역!$D$5:$D$12,B9) | D9: =SUMIFS(경비내역!$H$5:$H$12,경비내역!$C$5:$C$12,A9,경비내역!$D$5:$D$12,B9) | E9: =SUMIFS(경비내역!$I$5:$I$12,경비내역!$C$5:$C$12,A9,경비내역!$D$5:$D$12,B9) | F9: =SUMIFS(경비내역!$J$5:$J$12,경비내역!$C$5:$C$12,A9,경비내역!$D$5:$D$12,B9) | G9: =SUMIFS(경비내역!$I$5:$I$12,경비내역!$C$5:$C$12,A9,경비내역!$D$5:$D$12,B9,경비내역!$M$5:$M$12,"공제")
A10: 합계 | C10: =SUM(C5:C9) | D10: =SUM(D5:D9) | E10: =SUM(E5:E9) | F10: =SUM(F5:F9) | G10: =SUM(G5:G9)

Sheet 계정과목별집계
A1: 계정과목별 집계
A2: 세무대리인 전달용 · 계정과목별 SUMIFS 자동 집계
A4: 계정과목 | B4: 건수 | C4: 공급가액 | D4: 부가세액 | E4: 합계금액 | F4: 공제대상세액
A5: 복리후생비 | B5: =COUNTIFS(경비내역!$K$5:$K$12,A5) | C5: =SUMIFS(경비내역!$H$5:$H$12,경비내역!$K$5:$K$12,A5) | D5: =SUMIFS(경비내역!$I$5:$I$12,경비내역!$K$5:$K$12,A5) | E5: =SUMIFS(경비내역!$J$5:$J$12,경비내역!$K$5:$K$12,A5) | F5: =SUMIFS(경비내역!$I$5:$I$12,경비내역!$K$5:$K$12,A5,경비내역!$M$5:$M$12,"공제")
A6: 여비교통비 | B6: =COUNTIFS(경비내역!$K$5:$K$12,A6) | C6: =SUMIFS(경비내역!$H$5:$H$12,경비내역!$K$5:$K$12,A6) | D6: =SUMIFS(경비내역!$I$5:$I$12,경비내역!$K$5:$K$12,A6) | E6: =SUMIFS(경비내역!$J$5:$J$12,경비내역!$K$5:$K$12,A6) | F6: =SUMIFS(경비내역!$I$5:$I$12,경비내역!$K$5:$K$12,A6,경비내역!$M$5:$M$12,"공제")
A7: 기업업무추진비 | B7: =COUNTIFS(경비내역!$K$5:$K$12,A7) | C7: =SUMIFS(경비내역!$H$5:$H$12,경비내역!$K$5:$K$12,A7) | D7: =SUMIFS(경비내역!$I$5:$I$12,경비내역!$K$5:$K$12,A7) | E7: =SUMIFS(경비내역!$J$5:$J$12,경비내역!$K$5:$K$12,A7) | F7: =SUMIFS(경비내역!$I$5:$I$12,경비내역!$K$5:$K$12,A7,경비내역!$M$5:$M$12,"공제")
A8: 소모품비 | B8: =COUNTIFS(경비내역!$K$5:$K$12,A8) | C8: =SUMIFS(경비내역!$H$5:$H$12,경비내역!$K$5:$K$12,A8) | D8: =SUMIFS(경비내역!$I$5:$I$12,경비내역!$K$5:$K$12,A8) | E8: =SUMIFS(경비내역!$J$5:$J$12,경비내역!$K$5:$K$12,A8) | F8: =SUMIFS(경비내역!$I$5:$I$12,경비내역!$K$5:$K$12,A8,경비내역!$M$5:$M$12,"공제")
A9: 통신비 | B9: =COUNTIFS(경비내역!$K$5:$K$12,A9) | C9: =SUMIFS(경비내역!$H$5:$H$12,경비내역!$K$5:$K$12,A9) | D9: =SUMIFS(경비내역!$I$5:$I$12,경비내역!$K$5:$K$12,A9) | E9: =SUMIFS(경비내역!$J$5:$J$12,경비내역!$K$5:$K$12,A9) | F9: =SUMIFS(경비내역!$I$5:$I$12,경비내역!$K$5:$K$12,A9,경비내역!$M$5:$M$12,"공제")
A10: 차량유지비 | B10: =COUNTIFS(경비내역!$K$5:$K$12,A10) | C10: =SUMIFS(경비내역!$H$5:$H$12,경비내역!$K$5:$K$12,A10) | D10: =SUMIFS(경비내역!$I$5:$I$12,경비내역!$K$5:$K$12,A10) | E10: =SUMIFS(경비내역!$J$5:$J$12,경비내역!$K$5:$K$12,A10) | F10: =SUMIFS(경비내역!$I$5:$I$12,경비내역!$K$5:$K$12,A10,경비내역!$M$5:$M$12,"공제")
A11: 합계 | B11: =SUM(B5:B10) | C11: =SUM(C5:C10) | D11: =SUM(D5:D10) | E11: =SUM(E5:E10) | F11: =SUM(F5:F10)

Sheet 부가세정리
A1: 부가세 정리 (공제 / 불공제)
A2: 부가가치세 신고 기초자료 · 매입세액 공제여부 구분 집계
A4: 구분 | B4: 건수 | C4: 공급가액 | D4: 부가세액 | E4: 합계금액
A5: 공제 | B5: =COUNTIFS(경비내역!$M$5:$M$12,A5) | C5: =SUMIFS(경비내역!$H$5:$H$12,경비내역!$M$5:$M$12,A5) | D5: =SUMIFS(경비내역!$I$5:$I$12,경비내역!$M$5:$M$12,A5) | E5: =SUMIFS(경비내역!$J$5:$J$12,경비내역!$M$5:$M$12,A5)
A6: 불공제 | B6: =COUNTIFS(경비내역!$M$5:$M$12,A6) | C6: =SUMIFS(경비내역!$H$5:$H$12,경비내역!$M$5:$M$12,A6) | D6: =SUMIFS(경비내역!$I$5:$I$12,경비내역!$M$5:$M$12,A6) | E6: =SUMIFS(경비내역!$J$5:$J$12,경비내역!$M$5:$M$12,A6)
A7: 합계 | B7: =SUM(B5:B6) | C7: =SUM(C5:C6) | D7: =SUM(D5:D6) | E7: =SUM(E5:E6)
A9: ※ 공제 부가세액 = 부가가치세 신고 시 매입세액공제 대상. 불공제분(접대비·비영업용차량·면세 등)은 제외.
